data_hora,tipo_postura,duracao,angulo_pescoco,angulo_coluna
2025-05-29 18:17:43.151593,Postura incorreta - Pescoço muito inclinado,1,54.13102761440353,93.18060124296848
2025-05-29 18:17:43.096319,Postura incorreta - Pescoço muito inclinado,1,54.343643230517394,93.19822889443208
2025-05-29 18:17:43.023460,Postura incorreta - Pescoço muito inclinado,1,54.21364877863395,93.13542468059372
2025-05-29 18:17:42.952217,Postura incorreta - Pescoço muito inclinado,1,54.01366848140383,92.98811431649261
2025-05-29 18:17:42.891413,Postura incorreta - Pescoço muito inclinado,1,53.98606808324103,92.96744791022404
2025-05-29 18:17:42.826448,Postura incorreta - Pescoço muito inclinado,1,53.970348974784955,92.95709939048476
2025-05-29 18:17:42.761346,Postura incorreta - Pescoço muito inclinado,1,53.95258925395423,92.94331725439429
2025-05-29 18:17:42.697436,Postura incorreta - Pescoço muito inclinado,1,53.58006161936449,92.36678254180772
2025-05-29 18:17:42.620993,Postura incorreta - Pescoço muito inclinado,1,53.51501917941193,92.37286609596794
2025-05-29 18:17:42.553187,Postura incorreta - Pescoço muito inclinado,1,53.35900020564333,92.4276590355576
2025-05-29 18:17:42.495814,Postura incorreta - Pescoço muito inclinado,1,53.338761352809335,92.35187316824819
2025-05-29 18:17:42.437799,Postura incorreta - Pescoço muito inclinado,1,53.76605713346648,92.36418736894322
2025-05-29 18:17:42.369598,Postura incorreta - Pescoço muito inclinado,1,54.236121158903664,92.40351925078397
2025-05-29 18:17:42.316486,Postura incorreta - Pescoço muito inclinado,1,54.10167791356246,92.29266792813331
2025-05-29 18:17:42.258220,Postura incorreta - Pescoço muito inclinado,1,54.41513484873005,92.580518207193
2025-05-29 18:17:42.201927,Postura incorreta - Pescoço muito inclinado,1,55.07348858630108,93.43020651191057
2025-05-29 18:17:42.136145,Postura incorreta - Pescoço muito inclinado,1,55.074798357967,93.15536712968179
2025-05-29 18:17:42.084784,Postura incorreta - Pescoço muito inclinado,1,55.24810623606301,93.17522390549438
2025-05-29 18:17:42.016158,Postura incorreta - Pescoço muito inclinado,1,55.59547862730797,93.1870728075311
2025-05-29 18:17:41.964496,Postura incorreta - Pescoço muito inclinado,1,55.55366649695229,93.19156850698313
2025-05-29 18:17:41.896553,Postura incorreta - Pescoço muito inclinado,1,55.50062571733271,93.20951055976536
2025-05-29 18:17:41.836012,Postura incorreta - Pescoço muito inclinado,1,55.51821142275414,93.12802148912485
2025-05-29 18:17:41.773755,Postura incorreta - Pescoço muito inclinado,1,55.84133065071464,93.31122630737882
2025-05-29 18:17:41.708855,Postura incorreta - Pescoço muito inclinado,1,56.1871638549076,93.58822300953437
2025-05-29 18:17:41.643930,Postura incorreta - Pescoço muito inclinado,1,56.37340781380564,93.6241898616033
2025-05-29 18:17:41.589230,Postura incorreta - Pescoço muito inclinado,1,56.39883806122143,93.56522921080632
2025-05-29 18:17:41.525356,Postura incorreta - Pescoço muito inclinado,1,56.44336604485792,93.46749224248241
2025-05-29 18:17:41.464289,Postura incorreta - Pescoço muito inclinado,1,56.65099737929194,93.29782153598124
2025-05-29 18:17:41.399233,Postura incorreta - Pescoço muito inclinado,1,56.627767068307975,93.30799568750083
2025-05-29 18:17:41.328906,Postura incorreta - Pescoço muito inclinado,1,56.61685863824244,93.32403839031846
2025-05-29 18:17:41.272083,Postura incorreta - Pescoço muito inclinado,1,56.72214426922885,93.36757918810244
2025-05-29 18:17:41.207226,Postura incorreta - Pescoço muito inclinado,1,56.774239022425164,93.32470859824782
2025-05-29 18:17:41.143760,Postura incorreta - Pescoço muito inclinado,1,56.83801976776311,93.25524898315676
2025-05-29 18:17:41.084072,Postura incorreta - Pescoço muito inclinado,1,56.979683634362736,93.18732182254442
2025-05-29 18:17:41.023857,Postura incorreta - Pescoço muito inclinado,1,57.16950826749938,93.23156272786923
2025-05-29 18:17:40.966847,Postura incorreta - Pescoço muito inclinado,1,57.42743845186723,93.13894338617546
2025-05-29 18:17:40.905485,Postura incorreta - Pescoço muito inclinado,1,57.5783636803303,93.02516363595524
2025-05-29 18:17:40.841440,Postura incorreta - Pescoço muito inclinado,1,57.79209644043507,92.88521716709408
2025-05-29 18:17:40.781452,Postura incorreta - Pescoço muito inclinado,1,56.95599152425956,92.0081634869386
2025-05-29 18:17:40.712296,Postura incorreta - Pescoço muito inclinado,1,56.43312277397785,91.45165563992492
2025-05-29 18:17:40.634491,Postura incorreta - Pescoço muito inclinado,1,56.62422270378899,90.92463658222674
2025-05-29 18:17:40.584839,Postura incorreta - Pescoço muito inclinado,1,56.80537417540229,90.4866913030002
2025-05-29 18:17:40.507402,Postura incorreta - Pescoço muito inclinado,1,56.63315868013608,90.26211456198017
2025-05-29 18:17:40.442153,Postura incorreta - Pescoço muito inclinado,1,56.68920586388285,90.3342695054922
2025-05-29 18:17:40.376827,Postura incorreta - Pescoço muito inclinado,1,58.03647837216296,90.69515381298143
2025-05-29 18:17:40.311496,Postura incorreta - Pescoço muito inclinado,1,58.87098339007224,91.25444468384914
2025-05-29 18:17:40.247196,Postura incorreta - Pescoço muito inclinado,1,58.97981356616817,91.60630375656993
2025-05-29 18:17:40.154409,Postura incorreta - Pescoço muito inclinado,1,58.69598314850247,92.16656120304114
2025-05-29 18:17:40.094567,Postura incorreta - Pescoço muito inclinado,1,58.67257750271901,92.38929400325955
2025-05-29 18:17:40.011813,Postura incorreta - Pescoço muito inclinado,1,58.66570443554797,92.28082609541687
2025-05-29 18:17:39.945851,Postura incorreta - Pescoço muito inclinado,1,58.40546374638192,92.14392623031331
2025-05-29 18:17:39.880247,Postura incorreta - Pescoço muito inclinado,1,59.68240091213422,93.57179937236029
2025-05-29 18:17:39.819026,Postura incorreta - Pescoço muito inclinado,1,59.90297298635695,95.38895232765023
2025-05-29 18:17:39.751962,Postura correta,1,60.456423396429294,96.81660264688121
2025-05-29 18:17:39.690385,Postura correta,1,60.57656221944527,97.10642821529646
2025-05-29 18:17:39.611400,Postura correta,1,60.087132207118295,97.1994481610769
2025-05-29 18:17:39.535923,Postura incorreta - Pescoço muito inclinado,1,59.993865053066614,97.5642558948846
2025-05-29 18:17:39.482257,Postura correta,1,60.22741844349925,97.4672843147572
2025-05-29 18:17:39.418497,Postura correta,1,60.426429556406916,97.58033417030197
2025-05-29 18:17:39.353688,Postura correta,1,60.6749828121971,97.74288270776161
2025-05-29 18:17:39.288338,Postura correta,1,60.57889218181958,97.83573991989714
2025-05-29 18:17:39.209691,Postura correta,1,60.296506294361244,97.97107508834155
2025-05-29 18:17:39.148997,Postura correta,1,60.118137422817384,97.81939017465808
2025-05-29 18:17:39.082282,Postura incorreta - Pescoço muito inclinado,1,59.56381885361737,97.60813574025526
2025-05-29 18:17:39.017772,Postura incorreta - Pescoço muito inclinado,1,59.20980263174149,97.72672645809584
2025-05-29 18:17:38.949840,Postura incorreta - Pescoço muito inclinado,1,58.38139632747848,97.66224268648234
2025-05-29 18:17:38.890040,Postura incorreta - Pescoço muito inclinado,1,58.58101493349058,97.86023534512641
2025-05-29 18:17:38.824963,Postura incorreta - Pescoço muito inclinado,1,58.70263571802851,98.07721647996999
2025-05-29 18:17:38.760047,Postura incorreta - Pescoço muito inclinado,1,58.566273255970586,98.10726086591913
2025-05-29 18:17:38.701646,Postura incorreta - Pescoço muito inclinado,1,58.40371478612181,98.27380328868848
2025-05-29 18:17:38.634345,Postura incorreta - Pescoço muito inclinado,1,58.089227094770386,97.99067058645306
2025-05-29 18:17:38.569654,Postura incorreta - Pescoço muito inclinado,1,57.66504945336558,97.93669857079642
2025-05-29 18:17:38.507857,Postura incorreta - Pescoço muito inclinado,1,57.65717614953022,97.92654018001042
2025-05-29 18:17:38.442600,Postura incorreta - Pescoço muito inclinado,1,57.622046269977,98.00855207690317
2025-05-29 18:17:38.376028,Postura incorreta - Pescoço muito inclinado,1,56.65426515378728,96.60080643698336
2025-05-29 18:17:38.312277,Postura incorreta - Pescoço muito inclinado,1,56.89627400269622,96.58878765909486
2025-05-29 18:17:38.248974,Postura incorreta - Pescoço muito inclinado,1,57.4158479633049,97.28923297066288
2025-05-29 18:17:38.168919,Postura incorreta - Pescoço muito inclinado,1,57.16355441287409,97.54678776053635
2025-05-29 18:17:38.104078,Postura incorreta - Pescoço muito inclinado,1,56.48445982128029,97.03288030976692
2025-05-29 18:17:38.040302,Postura incorreta - Pescoço muito inclinado,1,56.65034688642281,97.49458149764037
2025-05-29 18:17:37.975404,Postura incorreta - Pescoço muito inclinado,1,56.58379460183635,97.447080199888
2025-05-29 18:17:37.912116,Postura incorreta - Pescoço muito inclinado,1,56.80357728449796,97.39751447728686
2025-05-29 18:17:37.832970,Postura incorreta - Pescoço muito inclinado,1,57.27212767419219,98.23609638931352
2025-05-29 18:17:37.771686,Postura incorreta - Pescoço muito inclinado,1,58.03803070893575,98.54184436552477
2025-05-29 18:17:37.704162,Postura incorreta - Pescoço muito inclinado,1,58.746275475840775,98.75703093514704
2025-05-29 18:17:37.624134,Postura incorreta - Pescoço muito inclinado,1,58.08006084467644,98.14563615386277
2025-05-29 18:17:37.561996,Postura incorreta - Pescoço muito inclinado,1,59.209224713285906,98.3616156142243
2025-05-29 18:17:37.497234,Postura correta,1,60.372473791962,97.82542110527395
2025-05-29 18:17:37.433016,Postura correta,1,61.47565560927324,97.50383491701908
2025-05-29 18:17:37.368147,Postura correta,1,62.498784926592556,96.99688193571545
2025-05-29 18:17:37.304279,Postura correta,1,63.28964513091465,96.95225956763932
2025-05-29 18:17:37.238117,Postura correta,1,63.33915154872632,96.80165170699226
2025-05-29 18:17:37.176133,Postura correta,1,63.28344178207505,96.60136454574298
2025-05-29 18:17:37.111552,Postura correta,1,62.401151706147786,95.87927432388395
2025-05-29 18:17:37.053671,Postura correta,1,62.43002384451939,96.00382857885128
2025-05-29 18:17:36.990714,Postura correta,1,62.52641208466637,96.01474395361888
2025-05-29 18:17:36.920642,Postura correta,1,63.03922925173862,95.77526428646573
2025-05-29 18:17:36.857240,Postura correta,1,63.14078429105057,96.82971534631326
2025-05-29 18:17:36.792310,Postura correta,1,63.16678869172461,96.74510518054089
2025-05-29 18:17:36.729318,Postura correta,1,62.24291748039371,96.72562959512314
2025-05-29 18:17:36.664797,Postura correta,1,63.23118470145315,97.31598349267817
2025-05-29 18:17:36.600015,Postura correta,1,63.097764245162864,97.15042184047273
2025-05-29 18:17:36.536182,Postura correta,1,63.277936810022446,97.2957158877855
2025-05-29 18:17:36.471380,Postura correta,1,63.13311441415108,97.48087237412368
2025-05-29 18:17:36.408198,Postura correta,1,63.07332674994551,97.4226228454278
2025-05-29 18:17:36.344326,Postura correta,1,62.761443305564015,97.26275030747782
2025-05-29 18:17:36.281493,Postura correta,1,62.393253155047056,97.25659946748031
2025-05-29 18:17:36.216981,Postura correta,1,62.4819849434536,97.4843330192111
2025-05-29 18:17:36.152747,Postura correta,1,61.16598779220737,97.56626114807509
2025-05-29 18:17:36.092132,Postura correta,1,60.32840721890877,97.44865533260445
2025-05-29 18:17:36.024867,Postura incorreta - Pescoço muito inclinado,1,58.98591187965242,97.0992692659739
2025-05-29 18:17:35.962089,Postura incorreta - Pescoço muito inclinado,1,57.680737136153276,97.25525898479295
2025-05-29 18:17:35.891849,Postura incorreta - Pescoço muito inclinado,1,57.11125159068158,97.53836285839928
2025-05-29 18:17:35.831831,Postura incorreta - Pescoço muito inclinado,1,57.086397245665104,97.61410612979545
2025-05-29 18:17:35.766092,Postura incorreta - Pescoço muito inclinado,1,57.02286555490868,97.63489871402166
2025-05-29 18:17:35.702140,Postura incorreta - Pescoço muito inclinado,1,57.811110249381265,100.36391842595974
2025-05-29 18:17:35.640404,Postura incorreta - Pescoço muito inclinado,1,58.82880929476237,98.39629473716083
2025-05-29 18:17:35.575845,Postura incorreta - Pescoço muito inclinado,1,58.676666946923845,98.39409616983365
2025-05-29 18:17:35.518123,Postura incorreta - Pescoço muito inclinado,1,57.84505028196644,97.9959827442858
2025-05-29 18:17:35.432121,Postura incorreta - Pescoço muito inclinado,1,57.87396591933646,98.01412587768925
2025-05-29 18:17:35.368387,Postura incorreta - Pescoço muito inclinado,1,58.18606857510341,98.26017511089752
2025-05-29 18:17:35.304095,Postura incorreta - Pescoço muito inclinado,1,58.228269867303474,98.26294325533979
2025-05-29 18:17:35.250595,Postura incorreta - Pescoço muito inclinado,1,58.750220251543674,98.89954817875171
2025-05-29 18:17:35.191359,Postura incorreta - Pescoço muito inclinado,1,58.72362591928546,98.4495677449884
2025-05-29 18:17:35.127023,Postura incorreta - Pescoço muito inclinado,1,58.907599842507366,98.38415043770445
2025-05-29 18:17:35.064184,Postura incorreta - Pescoço muito inclinado,1,58.835621694602935,97.66008981354774
2025-05-29 18:17:35.000370,Postura incorreta - Pescoço muito inclinado,1,59.0485013329458,97.55476264816103
2025-05-29 18:17:34.936194,Postura incorreta - Pescoço muito inclinado,1,58.52021875126754,97.50172706387778
2025-05-29 18:17:34.882310,Postura incorreta - Pescoço muito inclinado,1,58.90872429996986,97.56417492945499
2025-05-29 18:17:34.825839,Postura incorreta - Pescoço muito inclinado,1,59.75895123005361,97.77059411942327
2025-05-29 18:17:34.760548,Postura correta,1,60.18958367893797,98.30191921542459
2025-05-29 18:17:34.696050,Postura correta,1,60.410125177525124,98.3918630023306
2025-05-29 18:17:34.631947,Postura correta,1,62.22326813773969,98.3229596597945
2025-05-29 18:17:34.567916,Postura correta,1,62.36477759576015,97.55290495615178
2025-05-29 18:17:34.504250,Postura correta,1,63.40520125778675,98.33868979956746
2025-05-29 18:17:34.441074,Postura correta,1,65.33704979462817,98.07130357404247
2025-05-29 18:17:34.379152,Postura correta,1,65.47339651085645,98.00553616604796
2025-05-29 18:17:34.313843,Postura correta,1,65.66980766982941,97.75841063561126
2025-05-29 18:17:34.249529,Postura correta,1,65.47354454596922,97.32873468134669
2025-05-29 18:17:34.184132,Postura correta,1,65.84677243382716,97.63034319705613
2025-05-29 18:17:34.124298,Postura correta,1,65.4202614883651,97.10369370704927
2025-05-29 18:17:34.054089,Postura correta,1,65.05327918403573,96.7474363294027
2025-05-29 18:17:33.992174,Postura correta,1,64.92933417570003,96.63962528300546
2025-05-29 18:17:33.928122,Postura correta,1,64.7033629834009,96.12859217823761
2025-05-29 18:17:33.863132,Postura correta,1,64.70605853077906,96.08870927870751
2025-05-29 18:17:33.802726,Postura correta,1,64.74959475449248,95.62430949349134
2025-05-29 18:17:33.737230,Postura correta,1,64.49977143050361,95.76168149463767
2025-05-29 18:17:33.674016,Postura correta,1,64.52393347360065,95.46570893805401
2025-05-29 18:17:33.608722,Postura correta,1,64.67941437954272,96.30844799564196
2025-05-29 18:17:33.544991,Postura correta,1,64.80196027551983,96.26612746301181
2025-05-29 18:17:33.483265,Postura correta,1,64.80536059788679,96.07166561934555
2025-05-29 18:17:33.416316,Postura correta,1,64.88371339811295,95.84694029744867
2025-05-29 18:17:33.352147,Postura correta,1,63.236681804966246,95.78880478760752
2025-05-29 18:17:33.288227,Postura correta,1,63.33076330048432,95.79124579770797
2025-05-29 18:17:33.224638,Postura correta,1,63.08770007534954,96.18316052983982
2025-05-29 18:17:33.160165,Postura correta,1,64.43760644634519,96.79504483697077
2025-05-29 18:17:33.097421,Postura correta,1,64.38084565715195,96.66615055198861
2025-05-29 18:17:33.035105,Postura correta,1,64.47654183153749,96.60898796412839
2025-05-29 18:17:32.972396,Postura correta,1,64.89909934220425,96.70414438788598
2025-05-29 18:17:32.905594,Postura correta,1,65.25737940330669,97.79707899936881
2025-05-29 18:17:32.840772,Postura correta,1,65.9331940912968,98.0725734460856
2025-05-29 18:17:32.777899,Postura correta,1,65.5898431154915,97.91916831975345
2025-05-29 18:17:32.710129,Postura correta,1,65.65001507969939,97.95042815134194
2025-05-29 18:17:32.648295,Postura correta,1,65.06156741131525,97.98064728353589
2025-05-29 18:17:32.584097,Postura correta,1,64.17016710997692,98.11163348226565
2025-05-29 18:17:32.521136,Postura correta,1,62.70657808987506,97.97043211312436
2025-05-29 18:17:32.456214,Postura correta,1,63.928492795649156,97.89196297087543
2025-05-29 18:17:32.377391,Postura correta,1,63.94971761749789,97.66649516650064
2025-05-29 18:17:32.318366,Postura correta,1,63.21962902797928,96.7790446080183
2025-05-29 18:17:32.250834,Postura correta,1,63.60706236237835,97.11194465132584
2025-05-29 18:17:32.184786,Postura correta,1,63.4020715244138,96.95183015066529
2025-05-29 18:17:32.109144,Postura correta,1,60.604346370496714,96.13988597984282
2025-05-29 18:17:32.040697,Postura correta,1,60.23012830669527,96.77114450220454
2025-05-29 18:17:31.980484,Postura incorreta - Pescoço muito inclinado,1,59.42474478590453,98.81664220556533
2025-05-29 18:17:31.920588,Postura incorreta - Pescoço muito inclinado,1,59.43682274456141,99.39514607608291
2025-05-29 18:17:31.848512,Postura incorreta - Pescoço muito inclinado,1,59.83583620643729,99.44635442011064
2025-05-29 18:17:31.784389,Postura correta,1,60.45129960806173,99.86871702746978
2025-05-29 18:17:31.720054,Postura correta,1,60.145927004307616,99.5690457840895
2025-05-29 18:17:31.656609,Postura correta,1,61.24095483020577,100.26990877225923
2025-05-29 18:17:31.576032,Postura correta,1,60.73539719599656,99.94668441733378
2025-05-29 18:17:31.512186,Postura correta,1,61.28192443875083,100.25175489924779
2025-05-29 18:17:31.463358,Postura correta,1,61.09399315106223,100.3487337287859
2025-05-29 18:17:31.401412,Postura correta,1,60.719555652517215,100.21646420662032
2025-05-29 18:17:31.338323,Postura incorreta - Pescoço muito inclinado,1,59.686830653470885,99.48279296786535
2025-05-29 18:17:31.272194,Postura incorreta - Pescoço muito inclinado,1,59.76053058927061,99.6733419941367
2025-05-29 18:17:31.208196,Postura incorreta - Pescoço muito inclinado,1,59.627370793560516,100.32304178398412
2025-05-29 18:17:31.144366,Postura incorreta - Pescoço muito inclinado,1,58.30480953298193,98.68482807094978
2025-05-29 18:17:31.065676,Postura incorreta - Pescoço muito inclinado,1,57.48786452804946,98.537257033491
2025-05-29 18:17:31.002549,Postura incorreta - Pescoço muito inclinado,1,57.25134458716359,98.65981195801925
2025-05-29 18:17:30.936170,Postura incorreta - Pescoço muito inclinado,1,56.617216787206694,97.29901259500754
2025-05-29 18:17:30.872109,Postura incorreta - Pescoço muito inclinado,1,56.031905764545975,96.53985603992622
2025-05-29 18:17:30.808349,Postura incorreta - Pescoço muito inclinado,1,57.31590639881412,96.43848371858718
2025-05-29 18:17:30.744190,Postura incorreta - Pescoço muito inclinado,1,59.17028647218137,97.0148743054087
2025-05-29 18:17:30.679345,Postura incorreta - Pescoço muito inclinado,1,59.19182745586424,97.07398413066136
2025-05-29 18:17:30.617143,Postura incorreta - Pescoço muito inclinado,1,58.33403772839747,97.15972259651056
2025-05-29 18:17:30.551860,Postura incorreta - Pescoço muito inclinado,1,58.881633382286495,97.42028786186911
2025-05-29 18:17:30.490767,Postura correta,1,60.21160006504177,97.82539985262771
2025-05-29 18:17:30.418247,Postura correta,1,60.099736189707976,97.57500750583954
2025-05-29 18:17:30.344209,Postura correta,1,61.07580931155127,97.5218291625953
2025-05-29 18:17:30.279140,Postura correta,1,61.084892082445805,97.16893783231963
2025-05-29 18:17:30.216437,Postura correta,1,60.78784711523457,96.25816853080593
2025-05-29 18:17:30.153246,Postura correta,1,60.96121438200705,96.07505285442066
2025-05-29 18:17:30.089677,Postura correta,1,61.616633567560456,95.80421914869642
2025-05-29 18:17:30.024500,Postura correta,1,62.43074565064132,95.44830436119486
2025-05-29 18:17:29.961867,Postura correta,1,64.42774248875263,95.18398405234888
2025-05-29 18:17:29.896699,Postura correta,1,63.82855331512707,94.30767237688015
2025-05-29 18:17:29.818692,Postura correta,1,65.9956225486785,95.06728932578358
2025-05-29 18:17:29.755557,Postura correta,1,71.173743923476,95.48966476390476
2025-05-29 18:17:29.689814,Postura correta,1,71.38362369796063,95.80653811032523
2025-05-29 18:17:29.625376,Postura correta,1,71.39006545066283,95.64726787512016
2025-05-29 18:17:29.562430,Postura correta,1,71.41749456193375,95.62153905123719
2025-05-29 18:17:29.496215,Postura correta,1,71.08577445501368,94.80533628484511
2025-05-29 18:17:29.430972,Postura correta,1,70.9837466733742,95.00452296419722
2025-05-29 18:17:29.367326,Postura correta,1,70.78954118783605,95.1641625876676
2025-05-29 18:17:29.302080,Postura correta,1,69.39645204910636,95.02236692103948
2025-05-29 18:17:29.225303,Postura correta,1,69.6873152456229,94.97897111822715
2025-05-29 18:17:29.160279,Postura correta,1,69.89293029731586,95.09081524055999
2025-05-29 18:17:29.096178,Postura correta,1,69.64356196105634,94.93745531405727
2025-05-29 18:17:29.032204,Postura correta,1,69.35856084273951,95.07522301619284
2025-05-29 18:17:28.968359,Postura correta,1,69.08005447275102,94.94958134533833
2025-05-29 18:17:28.904258,Postura correta,1,68.81313407152993,94.8873734240524
2025-05-29 18:17:28.824162,Postura correta,1,68.75733694399379,94.996605623706
2025-05-29 18:17:28.760459,Postura correta,1,68.9338361961242,94.98645991144284
2025-05-29 18:17:28.680933,Postura correta,1,68.54874014236138,95.7136059121521
2025-05-29 18:17:28.616105,Postura correta,1,67.68490680672005,95.41662426777377
2025-05-29 18:17:28.554169,Postura correta,1,66.550512004956,95.57025057755179
2025-05-29 18:17:28.490029,Postura correta,1,66.46883117667727,95.47649262361297
2025-05-29 18:17:28.431594,Postura correta,1,66.64730239577804,95.67029345576043
2025-05-29 18:17:28.360078,Postura correta,1,66.74287056033765,95.61769021415998
2025-05-29 18:17:28.296250,Postura correta,1,65.32724091227294,95.48729060526944
2025-05-29 18:17:28.232217,Postura correta,1,65.21069722804228,95.39882437277805
2025-05-29 18:17:28.168269,Postura correta,1,65.19765589878668,95.56193095045825
2025-05-29 18:17:28.104436,Postura correta,1,65.11737151089937,95.56030566122247
2025-05-29 18:17:28.040968,Postura correta,1,64.82433845035384,95.59424136559727
2025-05-29 18:17:27.981661,Postura correta,1,65.08499423155392,95.57993535468304
2025-05-29 18:17:27.914007,Postura correta,1,65.61481217829113,95.55218849812512
2025-05-29 18:17:27.851154,Postura correta,1,65.9616813721046,95.6069585384347
2025-05-29 18:17:27.785744,Postura correta,1,65.1006632956289,94.8697932111098
2025-05-29 18:17:27.719947,Postura correta,1,64.82609534664226,94.39837411722243
2025-05-29 18:17:27.656312,Postura correta,1,64.86914737378665,94.72989762503609
2025-05-29 18:17:27.592079,Postura correta,1,64.94863902013952,94.67532167179036
2025-05-29 18:17:27.527101,Postura correta,1,65.36942506301789,95.4541263172565
2025-05-29 18:17:27.468645,Postura correta,1,66.23170629759909,96.20819745636035
2025-05-29 18:17:27.400652,Postura correta,1,66.4466648189833,96.5336591679412
2025-05-29 18:17:27.338218,Postura correta,1,65.95094456515787,96.57341981916632
2025-05-29 18:17:27.273835,Postura correta,1,65.52874811581741,96.66511083707925
2025-05-29 18:17:27.210054,Postura correta,1,65.27127235346897,96.87968034942392
2025-05-29 18:17:27.145791,Postura correta,1,65.71946348288128,97.15733947738349
2025-05-29 18:17:27.084145,Postura correta,1,65.51766792519886,97.26729961102173
2025-05-29 18:17:27.015639,Postura correta,1,64.51423313369575,96.74502270162361
2025-05-29 18:17:26.952755,Postura correta,1,62.47921971086763,96.34471827167773
2025-05-29 18:17:26.872584,Postura correta,1,61.1176274761902,96.19797752889205
2025-05-29 18:17:26.808442,Postura correta,1,62.86588372116844,97.06034233755396
2025-05-29 18:17:26.746876,Postura correta,1,62.83450696383179,97.04874743973659
2025-05-29 18:17:26.683638,Postura correta,1,63.37278590546109,97.00184904712353
2025-05-29 18:17:26.616283,Postura correta,1,63.00642277260212,96.90462079912889
2025-05-29 18:17:26.552391,Postura correta,1,62.93322014764742,96.9410943957441
2025-05-29 18:17:26.488270,Postura correta,1,63.03905917807141,96.94263375550473
2025-05-29 18:17:26.422956,Postura correta,1,62.92186954087794,96.73854266235944
2025-05-29 18:17:26.360330,Postura correta,1,62.835704424441076,96.74274330445529
2025-05-29 18:17:26.297527,Postura correta,1,62.52816947277082,96.62737012851329
2025-05-29 18:17:26.233293,Postura correta,1,62.13255380688287,96.8496219633074
2025-05-29 18:17:26.168338,Postura correta,1,61.445475388241874,96.37066480029644
2025-05-29 18:17:26.105329,Postura correta,1,61.048063641591256,96.84460272324723
2025-05-29 18:17:26.039151,Postura correta,1,61.25096574346774,97.34635021268046
2025-05-29 18:17:25.974003,Postura correta,1,60.95368352662824,97.27298586365579
2025-05-29 18:17:25.896143,Postura correta,1,61.10542423794189,97.81790958732718
2025-05-29 18:17:25.834625,Postura correta,1,61.29840864944104,98.02060791858796
2025-05-29 18:17:25.782653,Postura correta,1,60.95239813962236,97.74147975749308
2025-05-29 18:17:25.720057,Postura correta,1,60.935959300029374,98.70214643491663
2025-05-29 18:17:25.656362,Postura incorreta - Pescoço muito inclinado,1,58.7419644480481,97.22671739749731
2025-05-29 18:17:25.593537,Postura incorreta - Pescoço muito inclinado,1,57.15492214444069,97.46882101015458
2025-05-29 18:17:25.528051,Postura incorreta - Pescoço muito inclinado,1,55.567493869481254,98.06029607144512
2025-05-29 18:17:25.463225,Postura incorreta - Pescoço muito inclinado,1,54.30914655761722,97.97483127853695
2025-05-29 18:17:25.384332,Postura incorreta - Pescoço muito inclinado,1,52.69232167287688,97.07447474903327
2025-05-29 18:17:25.320445,Postura incorreta - Pescoço muito inclinado,1,52.09121872376188,96.84230719708717
2025-05-29 18:17:25.256653,Postura incorreta - Pescoço muito inclinado,1,51.97613274151299,97.04312103689733
2025-05-29 18:17:25.205273,Postura incorreta - Pescoço muito inclinado,1,51.572326646429566,96.93077413297233
2025-05-29 18:17:25.113086,Postura incorreta - Pescoço muito inclinado,1,52.32907059521838,96.94270269784164
2025-05-29 18:17:25.052917,Postura incorreta - Pescoço muito inclinado,1,52.33121918882637,96.43197407039978
2025-05-29 18:17:24.987778,Postura incorreta - Pescoço muito inclinado,1,52.305578571455605,96.80832023804184
2025-05-29 18:17:24.922626,Postura incorreta - Pescoço muito inclinado,1,52.51591484978721,96.96916527752708
2025-05-29 18:17:24.857584,Postura incorreta - Pescoço muito inclinado,1,52.72036931263759,97.502134465516
2025-05-29 18:17:24.792482,Postura incorreta - Pescoço muito inclinado,1,52.98594657678934,97.14288716990885
2025-05-29 18:17:24.728760,Postura incorreta - Pescoço muito inclinado,1,54.167886814289595,97.483607509757
2025-05-29 18:17:24.671144,Postura incorreta - Pescoço muito inclinado,1,53.47733069585576,96.90611084271454
2025-05-29 18:17:24.615272,Postura incorreta - Pescoço muito inclinado,1,55.06590680515313,96.98785895526326
2025-05-29 18:17:24.558045,Postura incorreta - Pescoço muito inclinado,1,55.531048348489286,96.81395291836489
2025-05-29 18:17:24.487567,Postura incorreta - Pescoço muito inclinado,1,55.551632908207544,96.64967177442324
2025-05-29 18:17:24.425756,Postura incorreta - Pescoço muito inclinado,1,55.56409547195742,96.45379204940203
2025-05-29 18:17:24.362611,Postura incorreta - Pescoço muito inclinado,1,55.253920663885275,96.6799496295507
2025-05-29 18:17:24.296624,Postura incorreta - Pescoço muito inclinado,1,54.71129208521798,96.19418015283205
2025-05-29 18:17:24.233272,Postura incorreta - Pescoço muito inclinado,1,53.776171036684126,94.86656911138854
2025-05-29 18:17:24.168114,Postura incorreta - Pescoço muito inclinado,1,56.45572178947916,97.54761870301425
2025-05-29 18:17:24.104405,Postura incorreta - Pescoço muito inclinado,1,56.67885329162151,97.56085340543234
2025-05-29 18:17:24.040604,Postura incorreta - Pescoço muito inclinado,1,57.51904514781642,97.76019103998998
2025-05-29 18:17:23.976214,Postura incorreta - Pescoço muito inclinado,1,59.168912421591,97.80848117959273
2025-05-29 18:17:23.896708,Postura incorreta - Pescoço muito inclinado,1,59.89300966149342,98.26829231144468
2025-05-29 18:17:23.838153,Postura correta,1,60.14524294559674,97.55410943182332
2025-05-29 18:17:23.768141,Postura correta,1,60.823186224939306,97.25377299201192
2025-05-29 18:17:23.704316,Postura correta,1,61.207221282232155,97.142797382817
2025-05-29 18:17:23.640803,Postura correta,1,60.379263978957574,97.15083885292786
2025-05-29 18:17:23.560508,Postura correta,1,60.29584846612023,97.18060586510651
2025-05-29 18:17:23.497676,Postura correta,1,60.65049391646197,97.23150871966057
2025-05-29 18:17:23.437630,Postura correta,1,60.781586789798595,97.3387179189517
2025-05-29 18:17:23.368209,Postura correta,1,60.91793627352249,97.47986198556583
2025-05-29 18:17:23.303078,Postura correta,1,61.13492760586427,97.30384418532603
2025-05-29 18:17:23.240532,Postura correta,1,60.98401573033465,96.66459960798281
2025-05-29 18:17:23.160763,Postura correta,1,61.205811790207385,96.80367103656049
2025-05-29 18:17:23.096040,Postura correta,1,61.405101604576465,97.76594487458786
2025-05-29 18:17:23.036304,Postura correta,1,61.245727407824276,97.34948539186664
2025-05-29 18:17:22.967282,Postura correta,1,61.26540212188539,97.51469471373319
2025-05-29 18:17:22.904208,Postura correta,1,61.43820071673057,98.15319734518535
2025-05-29 18:17:22.840181,Postura correta,1,61.045710734578776,97.91134411867526
2025-05-29 18:17:22.775239,Postura correta,1,60.48757696288546,98.42511145600982
2025-05-29 18:17:22.696306,Postura correta,1,61.05979030517339,98.79789960307085
2025-05-29 18:17:22.635676,Postura correta,1,62.37398093642559,98.31662940848598
2025-05-29 18:17:22.567735,Postura correta,1,60.97628211050171,97.71524003858413
2025-05-29 18:17:22.506884,Postura correta,1,60.06909928824062,96.65991151881273
2025-05-29 18:17:22.440107,Postura correta,1,60.59713798473675,94.97156483193575
2025-05-29 18:17:22.377054,Postura incorreta - Pescoço muito inclinado,1,58.836741151804894,94.30652479142425
2025-05-29 18:17:22.316762,Postura incorreta - Pescoço muito inclinado,1,55.373011099887684,92.62354294825332
2025-05-29 18:17:22.249805,Postura incorreta - Pescoço muito inclinado,1,56.17394981932129,92.1257950771661
2025-05-29 18:17:22.185210,Postura incorreta - Pescoço muito inclinado,1,57.058764155460366,92.15723442713917
2025-05-29 18:17:22.121972,Postura incorreta - Pescoço muito inclinado,1,55.39247926796261,92.0190941251298
2025-05-29 18:17:22.057089,Postura incorreta - Pescoço muito inclinado,1,53.93805766198611,91.7347544701942
2025-05-29 18:17:21.991103,Postura incorreta - Pescoço muito inclinado,1,52.21856136307976,90.23805023392984
2025-05-29 18:17:21.927206,Postura incorreta - Pescoço muito inclinado,1,51.39906095980139,90.2312554113192
2025-05-29 18:17:21.864359,Postura incorreta - Pescoço muito inclinado,1,51.505376263796634,89.61694794143835
2025-05-29 18:17:21.800056,Postura incorreta - Pescoço muito inclinado,1,51.50097904917424,89.30752053649167
2025-05-29 18:17:21.735215,Postura incorreta - Pescoço muito inclinado,1,50.90541900993166,89.06619177953255
2025-05-29 18:17:21.673377,Postura incorreta - Pescoço muito inclinado,1,50.949498402739714,89.25712110329046
2025-05-29 18:17:21.609986,Postura incorreta - Pescoço muito inclinado,1,50.9319167465402,87.13295457872283
2025-05-29 18:17:21.544678,Postura incorreta - Pescoço muito inclinado,1,50.753493524906986,85.53295805227512
2025-05-29 18:17:21.481609,Postura incorreta - Pescoço muito inclinado,1,51.29525381889086,84.98539042164147
2025-05-29 18:17:21.417555,Postura incorreta - Pescoço muito inclinado,1,51.223951969275475,84.05638834678204
2025-05-29 18:17:21.354462,Postura incorreta - Pescoço muito inclinado,1,51.82996480732948,83.52041977046696
2025-05-29 18:17:21.288187,Postura incorreta - Pescoço muito inclinado,1,51.89234509262355,83.45494665477408
2025-05-29 18:17:21.224389,Postura incorreta - Pescoço muito inclinado,1,52.02958518887916,82.4194668625932
2025-05-29 18:17:21.159989,Postura incorreta - Pescoço muito inclinado,1,51.784241426482424,82.01048096636737
2025-05-29 18:17:21.096271,Postura incorreta - Pescoço muito inclinado,1,51.41646743901403,81.63730826670229
2025-05-29 18:17:21.032372,Postura incorreta - Pescoço muito inclinado,1,51.421267852913566,81.57825682618454
2025-05-29 18:17:20.969930,Postura incorreta - Pescoço muito inclinado,1,50.959879863051235,81.54070804142273
2025-05-29 18:17:20.908644,Postura incorreta - Pescoço muito inclinado,1,51.13357134771005,81.49366970421508
2025-05-29 18:17:20.842352,Postura incorreta - Pescoço muito inclinado,1,51.08612790800378,81.51898056482379
2025-05-29 18:17:20.777397,Postura incorreta - Pescoço muito inclinado,1,51.0208584961341,81.01100738209223
2025-05-29 18:17:20.714381,Postura incorreta - Pescoço muito inclinado,1,50.699355031080295,80.55841292676666
2025-05-29 18:17:20.649822,Postura incorreta - Pescoço muito inclinado,1,50.584833760303674,80.63301361326806
2025-05-29 18:17:20.584366,Postura incorreta - Pescoço muito inclinado,1,50.6157473263043,80.93730155405773
2025-05-29 18:17:20.519167,Postura incorreta - Pescoço muito inclinado,1,50.53327948053396,80.64402612574001
2025-05-29 18:17:20.455417,Postura incorreta - Pescoço muito inclinado,1,50.93094763269235,81.35529183782786
2025-05-29 18:17:20.384160,Postura incorreta - Pescoço muito inclinado,1,51.088476483399205,81.24189735498788
2025-05-29 18:17:20.313045,Postura incorreta - Pescoço muito inclinado,1,51.13615314933554,81.35716746950297
2025-05-29 18:17:20.248312,Postura incorreta - Pescoço muito inclinado,1,50.858221222371,81.32895456889054
2025-05-29 18:17:20.183641,Postura incorreta - Pescoço muito inclinado,1,51.315963493917174,81.67791567194516
2025-05-29 18:17:20.120335,Postura incorreta - Pescoço muito inclinado,1,50.93409279199753,81.93933788884351
2025-05-29 18:17:20.056856,Postura incorreta - Pescoço muito inclinado,1,50.99506369677235,81.8515479219475
2025-05-29 18:17:19.989965,Postura incorreta - Pescoço muito inclinado,1,50.918291887107216,82.06959384801165
2025-05-29 18:17:19.913361,Postura incorreta - Pescoço muito inclinado,1,50.76450916440916,82.5315783345523
2025-05-29 18:17:19.849687,Postura incorreta - Pescoço muito inclinado,1,50.875562244355706,82.5695433273224
2025-05-29 18:17:19.779827,Postura incorreta - Pescoço muito inclinado,1,50.85831791997112,82.72798018854498
2025-05-29 18:17:19.722194,Postura incorreta - Pescoço muito inclinado,1,50.790901787643335,82.9160336298609
2025-05-29 18:17:19.659735,Postura incorreta - Pescoço muito inclinado,1,50.78942385648701,83.10576157536013
2025-05-29 18:17:19.593652,Postura incorreta - Pescoço muito inclinado,1,50.72954777914747,83.06625948290397
2025-05-29 18:17:19.517790,Postura incorreta - Pescoço muito inclinado,1,50.5586102746776,83.02180441606384
2025-05-29 18:17:19.449142,Postura incorreta - Pescoço muito inclinado,1,50.35762082373022,82.96980540450338
2025-05-29 18:17:19.383689,Postura incorreta - Pescoço muito inclinado,1,50.24940197448667,83.05550628242322
2025-05-29 18:17:19.321555,Postura incorreta - Pescoço muito inclinado,1,50.100544372885935,83.2037318592866
2025-05-29 18:17:19.258860,Postura incorreta - Pescoço muito inclinado,1,50.01008032788321,83.11530166213392
2025-05-29 18:17:19.177637,Postura incorreta - Pescoço muito inclinado,1,49.95258566445883,83.06783260583852
2025-05-29 18:17:19.115386,Postura incorreta - Pescoço muito inclinado,1,49.906006890229285,83.05266494349776
2025-05-29 18:17:19.050838,Postura incorreta - Pescoço muito inclinado,1,49.87951953490447,83.0997677180638
2025-05-29 18:17:18.986716,Postura incorreta - Pescoço muito inclinado,1,49.78348406917295,83.12934137780215
2025-05-29 18:17:18.923152,Postura incorreta - Pescoço muito inclinado,1,49.70297180629309,83.1748070101294
2025-05-29 18:17:18.857635,Postura incorreta - Pescoço muito inclinado,1,49.770161289024614,83.43457821603474
2025-05-29 18:17:18.782429,Postura incorreta - Pescoço muito inclinado,1,49.831591725682564,83.50546349040265
2025-05-29 18:17:18.713640,Postura incorreta - Pescoço muito inclinado,1,49.9636892142862,83.61248861143801
2025-05-29 18:17:18.650653,Postura incorreta - Pescoço muito inclinado,1,50.29815556509682,83.98723746620557
2025-05-29 18:17:18.586699,Postura incorreta - Pescoço muito inclinado,1,50.37764602668279,84.07545701115106
2025-05-29 18:17:18.522154,Postura incorreta - Pescoço muito inclinado,1,50.426982661218766,84.18002982338692
2025-05-29 18:17:18.457449,Postura incorreta - Pescoço muito inclinado,1,50.407671719469086,84.06774403052277
2025-05-29 18:17:18.377986,Postura incorreta - Pescoço muito inclinado,1,50.540641551345026,84.56991263312756
2025-05-29 18:17:18.313341,Postura incorreta - Pescoço muito inclinado,1,50.42326567691879,84.39738705731534
2025-05-29 18:17:18.251493,Postura incorreta - Pescoço muito inclinado,1,50.3373480381765,84.45209610174257
2025-05-29 18:17:18.187885,Postura incorreta - Pescoço muito inclinado,1,50.33562601924259,84.33859898576603
2025-05-29 18:17:18.120478,Postura incorreta - Pescoço muito inclinado,1,50.39180968508042,84.28079256148153
2025-05-29 18:17:18.041958,Postura incorreta - Pescoço muito inclinado,1,50.518138765847006,84.4460503169705
2025-05-29 18:17:17.977935,Postura incorreta - Pescoço muito inclinado,1,50.33828480537705,84.58188563058057
2025-05-29 18:17:17.915407,Postura incorreta - Pescoço muito inclinado,1,50.92768194790685,84.83746483233503
2025-05-29 18:17:17.849717,Postura incorreta - Pescoço muito inclinado,1,51.486103814186826,85.17564973977731
2025-05-29 18:17:17.785163,Postura incorreta - Pescoço muito inclinado,1,51.71965663572089,85.46366165542595
2025-05-29 18:17:17.707115,Postura incorreta - Pescoço muito inclinado,1,51.67658125619614,85.87857222036627
2025-05-29 18:17:17.641098,Postura incorreta - Pescoço muito inclinado,1,51.794526539743785,85.98171117239069
2025-05-29 18:17:17.577665,Postura incorreta - Pescoço muito inclinado,1,51.58714681001438,86.0740777592942
2025-05-29 18:17:17.513933,Postura incorreta - Pescoço muito inclinado,1,51.18146812417004,86.61156041044416
2025-05-29 18:17:17.448938,Postura incorreta - Pescoço muito inclinado,1,51.36016283630479,87.15515001565423
2025-05-29 18:17:17.384041,Postura incorreta - Pescoço muito inclinado,1,52.733849779778225,87.27970802574858
2025-05-29 18:17:17.313867,Postura incorreta - Pescoço muito inclinado,1,52.70220851308498,87.16928409071562
2025-05-29 18:17:17.243545,Postura incorreta - Pescoço muito inclinado,1,52.66511333320935,86.14265124029984
2025-05-29 18:17:17.177416,Postura incorreta - Pescoço muito inclinado,1,53.66057963116287,87.91256405718094
2025-05-29 18:17:17.113146,Postura incorreta - Pescoço muito inclinado,1,53.08202082908477,89.79830117280768
2025-05-29 18:17:17.045699,Postura incorreta - Pescoço muito inclinado,1,54.11109234574031,90.04326813645017
2025-05-29 18:17:16.974991,Postura incorreta - Pescoço muito inclinado,1,55.264485071872315,90.41314042877192
2025-05-29 18:17:16.897280,Postura incorreta - Pescoço muito inclinado,1,54.99204230623125,91.984970045162
2025-05-29 18:17:16.841958,Postura incorreta - Pescoço muito inclinado,1,55.31685778099026,92.43250924582905
2025-05-29 18:17:16.783059,Postura incorreta - Pescoço muito inclinado,1,56.52880530701943,92.98074891497252
2025-05-29 18:17:16.713839,Postura incorreta - Pescoço muito inclinado,1,56.220502085281176,94.03124876806305
2025-05-29 18:17:16.647932,Postura incorreta - Pescoço muito inclinado,1,55.85357143021768,93.96468391325122
2025-05-29 18:17:16.585863,Postura incorreta - Pescoço muito inclinado,1,56.37543374507026,94.205947226364
2025-05-29 18:17:16.506284,Postura incorreta - Pescoço muito inclinado,1,56.27481103690252,94.34069343722426
2025-05-29 18:17:16.443102,Postura incorreta - Pescoço muito inclinado,1,57.71493023051186,95.48334662102634
2025-05-29 18:17:16.378417,Postura incorreta - Pescoço muito inclinado,1,59.22304537305712,95.44111151742291
2025-05-29 18:17:16.314109,Postura incorreta - Pescoço muito inclinado,1,59.344663216387744,95.33574278943384
2025-05-29 18:17:16.248763,Postura incorreta - Pescoço muito inclinado,1,58.328183563121534,95.22720730612865
2025-05-29 18:17:16.184778,Postura incorreta - Pescoço muito inclinado,1,58.39716867272571,94.83275609173182
2025-05-29 18:17:16.105518,Postura correta,1,60.25028710130739,96.30073870237213
2025-05-29 18:17:16.040995,Postura correta,1,60.639131690248725,96.29219782487756
2025-05-29 18:17:15.967493,Postura incorreta - Pescoço muito inclinado,1,59.56284231538813,96.17305533906674
2025-05-29 18:17:15.913576,Postura incorreta - Pescoço muito inclinado,1,59.64480283679559,96.24777628048315
2025-05-29 18:17:15.840207,Postura correta,1,60.47881831468249,96.32875375545991
2025-05-29 18:17:15.785825,Postura correta,1,62.0558766843393,96.53391422808157
2025-05-29 18:17:15.725057,Postura correta,1,62.94033789708524,96.82168064324694
2025-05-29 18:17:15.659046,Postura correta,1,64.30401848375394,97.34257669666334
2025-05-29 18:17:15.592967,Postura correta,1,64.03627946585209,96.49940789173418
2025-05-29 18:17:15.533119,Postura correta,1,62.93643882502829,96.22178135830238
2025-05-29 18:17:15.464110,Postura correta,1,63.31719533319495,98.72731761434535
2025-05-29 18:17:15.404698,Postura correta,1,63.50259795837305,98.78748019407759
2025-05-29 18:17:15.352807,Postura correta,1,63.555845012291975,99.53545952403147
2025-05-29 18:17:15.113364,Postura correta,1,62.10398652921091,100.04514568295247
2025-05-29 18:17:15.034275,Postura correta,1,60.476463721057435,101.20402721060773
2025-05-29 18:17:14.971718,Postura incorreta - Pescoço muito inclinado,1,59.56671421092638,100.97223978657478
2025-05-29 18:17:14.905142,Postura incorreta - Pescoço muito inclinado,1,57.21748050070308,100.49241133632073
2025-05-29 18:17:14.839318,Postura incorreta - Pescoço muito inclinado,1,56.16520043185287,102.38987827675027
2025-05-29 18:17:14.778122,Postura incorreta - Pescoço muito inclinado,1,55.58443006045065,102.35533534060667
2025-05-29 18:17:14.699526,Postura incorreta - Pescoço muito inclinado,1,54.61897723143969,101.7375462603889
2025-05-29 18:17:14.632499,Postura incorreta - Pescoço muito inclinado,1,54.50233535880448,102.01027257062712
2025-05-29 18:17:14.569697,Postura incorreta - Pescoço muito inclinado,1,54.52666939351155,102.03615086413284
2025-05-29 18:17:14.510134,Postura incorreta - Pescoço muito inclinado,1,54.55761127701218,102.05922311040742
2025-05-29 18:17:14.432594,Postura incorreta - Pescoço muito inclinado,1,54.53510864100988,102.9517100867207
2025-05-29 18:17:14.377774,Postura incorreta - Pescoço muito inclinado,1,54.37692414942858,102.94007911391044
2025-05-29 18:17:14.313357,Postura incorreta - Pescoço muito inclinado,1,54.20659480023324,102.85415318939035
2025-05-29 18:17:14.235659,Postura incorreta - Pescoço muito inclinado,1,54.2074495558451,102.97134495192996
2025-05-29 18:17:14.169145,Postura incorreta - Pescoço muito inclinado,1,54.01805373300382,103.02451203624503
2025-05-29 18:17:14.110627,Postura incorreta - Pescoço muito inclinado,1,53.773101292716206,103.0704133983328
2025-05-29 18:17:14.034033,Postura incorreta - Pescoço muito inclinado,1,53.56798258560511,103.2266807626227
2025-05-29 18:17:13.965914,Postura incorreta - Pescoço muito inclinado,1,53.452837079662764,103.13906946011961
2025-05-29 18:17:13.893675,Postura incorreta - Pescoço muito inclinado,1,53.23920557601631,103.02717954389296
2025-05-29 18:17:13.833892,Postura incorreta - Pescoço muito inclinado,1,53.08720704722821,103.1045836052176
2025-05-29 18:17:13.773613,Postura incorreta - Pescoço muito inclinado,1,52.77730389935557,103.00449815518941
2025-05-29 18:17:13.705571,Postura incorreta - Pescoço muito inclinado,1,52.52553302851754,102.88679391448707
2025-05-29 18:17:13.641663,Postura incorreta - Pescoço muito inclinado,1,52.6272499976556,103.01047083618386
2025-05-29 18:17:13.570872,Postura incorreta - Pescoço muito inclinado,1,52.45935608645877,102.58519726314277
2025-05-29 18:17:13.500672,Postura incorreta - Pescoço muito inclinado,1,52.46024885735999,102.12499185118857
2025-05-29 18:17:13.424163,Postura incorreta - Pescoço muito inclinado,1,52.6397555729914,102.05246177004457
2025-05-29 18:17:13.368349,Postura incorreta - Pescoço muito inclinado,1,52.63923928315511,102.10790335381391
2025-05-29 18:17:13.305345,Postura incorreta - Pescoço muito inclinado,1,52.898111312454176,102.65856684587457
2025-05-29 18:17:13.243202,Postura incorreta - Pescoço muito inclinado,1,52.905594594577785,103.10941938831755
2025-05-29 18:17:13.176195,Postura incorreta - Pescoço muito inclinado,1,52.84687634494062,102.60861677620103
2025-05-29 18:17:13.096130,Postura incorreta - Pescoço muito inclinado,1,52.701291185946275,102.44720827976771
2025-05-29 18:17:13.037047,Postura incorreta - Pescoço muito inclinado,1,53.817206427752936,102.02517563391173
2025-05-29 18:17:12.969529,Postura incorreta - Pescoço muito inclinado,1,54.283589058598075,102.03924323403993
2025-05-29 18:17:12.905693,Postura incorreta - Pescoço muito inclinado,1,55.60002007541386,102.22214201109573
2025-05-29 18:17:12.842724,Postura incorreta - Pescoço muito inclinado,1,57.95341055199676,102.20591544170705
2025-05-29 18:17:12.765743,Postura incorreta - Pescoço muito inclinado,1,58.31206164965229,102.96655832386818
2025-05-29 18:17:12.702738,Postura incorreta - Pescoço muito inclinado,1,59.64815896599211,103.77071716194472
2025-05-29 18:17:12.634428,Postura correta,1,60.820715311734226,101.33357162600117
2025-05-29 18:17:12.569827,Postura correta,1,60.807312451435635,100.66781781845258
2025-05-29 18:17:12.507600,Postura correta,1,60.852191080681834,100.37380354905521
2025-05-29 18:17:12.440674,Postura correta,1,61.36525778122641,100.14628526844035
2025-05-29 18:17:12.366700,Postura correta,1,62.04718994309895,100.09496123437152
2025-05-29 18:17:12.297533,Postura correta,1,62.21230881666172,100.24354631280302
2025-05-29 18:17:12.234658,Postura correta,1,64.03017351248977,99.99764676199773
2025-05-29 18:17:12.169268,Postura correta,1,64.18884260861728,99.81446331571581
2025-05-29 18:17:12.106373,Postura correta,1,63.437592286990906,99.40209059437379
2025-05-29 18:17:12.040860,Postura correta,1,63.59815926848941,99.6519753047003
2025-05-29 18:17:11.964387,Postura correta,1,64.15731837120069,99.80036477962648
2025-05-29 18:17:11.895280,Postura correta,1,63.72296205150418,99.9117963841167
2025-05-29 18:17:11.831329,Postura correta,1,63.03775163385279,99.70909476543622
2025-05-29 18:17:11.769309,Postura correta,1,63.02306809345975,99.55520275990803
2025-05-29 18:17:11.690358,Postura correta,1,63.30398644017632,99.2463846782991
2025-05-29 18:17:11.624946,Postura correta,1,64.12599922857281,99.38971589139219
2025-05-29 18:17:11.565748,Postura correta,1,64.39609174886017,99.55748782066124
2025-05-29 18:17:11.501799,Postura correta,1,64.95242674096504,99.79187541027001
2025-05-29 18:17:11.433260,Postura correta,1,65.64079668901384,99.74232971326045
2025-05-29 18:17:11.369138,Postura correta,1,65.669007857961,99.62610939217348
2025-05-29 18:17:11.307049,Postura correta,1,65.95150543782967,99.48463073838958
2025-05-29 18:17:11.226298,Postura correta,1,66.7698722570588,99.53792230996672
2025-05-29 18:17:11.163096,Postura correta,1,66.35369421926748,99.45614099872927
2025-05-29 18:17:11.097528,Postura correta,1,65.32341002088812,98.8529717552308
2025-05-29 18:17:11.036203,Postura correta,1,65.42108234118949,99.0727602940998
2025-05-29 18:17:10.968867,Postura correta,1,65.02161543767247,98.79020504256188
2025-05-29 18:17:10.889640,Postura correta,1,64.65221390063292,98.64298162193458
2025-05-29 18:17:10.825275,Postura correta,1,64.07344085318789,98.15802143737282
2025-05-29 18:17:10.762961,Postura correta,1,63.89942417445674,98.52399729229614
2025-05-29 18:17:10.698279,Postura correta,1,64.11903171882055,98.60931851298749
2025-05-29 18:17:10.632142,Postura correta,1,63.92033653881855,97.93793529079922
2025-05-29 18:17:10.571067,Postura correta,1,64.50661064508867,97.86394069971044
2025-05-29 18:17:10.507915,Postura correta,1,64.73970793053323,97.84042259956124
2025-05-29 18:17:10.440075,Postura correta,1,64.8510096536108,98.11222893909724
2025-05-29 18:17:10.377154,Postura correta,1,64.85054048633268,98.07775895802715
2025-05-29 18:17:10.309072,Postura correta,1,65.04364973144116,97.98856800843541
2025-05-29 18:17:10.233032,Postura correta,1,65.26377767171402,97.7435182094612
2025-05-29 18:17:10.089010,Postura correta,1,65.53946292784332,97.47211349823786
2025-05-29 18:17:10.029241,Postura correta,1,64.56358965357727,97.51651676797881
2025-05-29 18:17:09.961901,Postura correta,1,64.1322007346517,97.47921652076685
2025-05-29 18:17:09.886932,Postura correta,1,64.463464983102,98.3804785077729
2025-05-29 18:17:09.832859,Postura correta,1,64.57548134718091,98.0549964006861
2025-05-29 18:17:09.756671,Postura correta,1,64.71786175364939,97.57811442228233
2025-05-29 18:17:09.690955,Postura correta,1,65.63041481013009,97.95802859766697
2025-05-29 18:17:09.630592,Postura correta,1,65.97938922845671,98.76897442024432
2025-05-29 18:17:09.561889,Postura correta,1,66.82890393572345,98.56308051102046
2025-05-29 18:17:09.496670,Postura correta,1,66.31464202324905,99.17591396812824
2025-05-29 18:17:09.433922,Postura correta,1,65.99235254842911,99.61114176481613
2025-05-29 18:17:09.370209,Postura correta,1,65.90867714747002,100.7914425113873
2025-05-29 18:17:09.307300,Postura correta,1,66.2384603061009,100.34119560991607
2025-05-29 18:17:09.241635,Postura correta,1,66.95199886405955,100.33012413522664
2025-05-29 18:17:09.177166,Postura correta,1,67.40380166820957,100.78706423044132
2025-05-29 18:17:09.113007,Postura correta,1,67.33031600486896,100.30209949625547
2025-05-29 18:17:09.051415,Postura correta,1,67.72388959480804,100.67999259335384
2025-05-29 18:17:08.984760,Postura correta,1,65.79730617270782,101.02398207866699
2025-05-29 18:17:08.919561,Postura correta,1,65.68029713332017,102.34409441276036
2025-05-29 18:17:08.860354,Postura correta,1,65.165833524316,102.08516266969797
2025-05-29 18:17:08.789704,Postura correta,1,63.08617465888677,101.88737800158907
2025-05-29 18:17:08.728085,Postura correta,1,61.649120321728134,102.24345106369032
2025-05-29 18:17:08.645844,Postura correta,1,61.07767693215744,102.14890900040008
2025-05-29 18:17:08.568394,Postura incorreta - Pescoço muito inclinado,1,59.98876880284668,102.00910339852071
2025-05-29 18:17:08.490661,Postura incorreta - Pescoço muito inclinado,1,58.40089872963692,102.20596922194379
2025-05-29 18:17:08.418950,Postura incorreta - Pescoço muito inclinado,1,57.6930053385346,102.16701999412153
2025-05-29 18:17:08.360420,Postura incorreta - Pescoço muito inclinado,1,56.70588659760852,102.2162808396717
2025-05-29 18:17:08.298950,Postura incorreta - Pescoço muito inclinado,1,56.381556561032184,102.32256676037734
2025-05-29 18:17:08.232050,Postura incorreta - Pescoço muito inclinado,1,56.32960524962498,102.31822206043799
2025-05-29 18:17:08.170621,Postura incorreta - Pescoço muito inclinado,1,56.27563630976539,102.28427859020492
2025-05-29 18:17:08.108602,Postura incorreta - Pescoço muito inclinado,1,56.33934902696704,102.57679265516107
2025-05-29 18:17:08.042144,Postura incorreta - Pescoço muito inclinado,1,56.182114535184795,102.85814577048065
2025-05-29 18:17:07.960982,Postura incorreta - Pescoço muito inclinado,1,56.06539883459373,103.4791263586444
2025-05-29 18:17:07.887172,Postura incorreta - Pescoço muito inclinado,1,56.08933057196134,103.50220952933977
2025-05-29 18:17:07.817748,Postura incorreta - Pescoço muito inclinado,1,56.15997494947177,103.43740437032922
2025-05-29 18:17:07.750190,Postura incorreta - Pescoço muito inclinado,1,56.21270517242354,103.29296723873406
2025-05-29 18:17:07.690188,Postura incorreta - Pescoço muito inclinado,1,56.13304994814447,103.20008647524352
2025-05-29 18:17:07.624306,Postura incorreta - Pescoço muito inclinado,1,56.14603303813527,103.19625989871354
2025-05-29 18:17:07.549469,Postura incorreta - Pescoço muito inclinado,1,56.17424008457498,103.1966689163062
2025-05-29 18:17:07.483925,Postura incorreta - Pescoço muito inclinado,1,56.45568675562878,103.18057692616816
2025-05-29 18:17:07.416656,Postura incorreta - Pescoço muito inclinado,1,56.41294318798514,103.30702612272786
2025-05-29 18:17:07.357001,Postura incorreta - Pescoço muito inclinado,1,56.47497987007457,103.27995907295534
2025-05-29 18:17:07.289824,Postura incorreta - Pescoço muito inclinado,1,56.75398092180427,103.11626221310165
2025-05-29 18:17:07.231149,Postura incorreta - Pescoço muito inclinado,1,56.94509117712922,103.07275109045136
2025-05-29 18:17:07.150299,Postura incorreta - Pescoço muito inclinado,1,57.16700113012502,103.13148938390022
2025-05-29 18:17:07.082562,Postura incorreta - Pescoço muito inclinado,1,57.07570951560516,103.49174183472576
2025-05-29 18:17:07.018122,Postura incorreta - Pescoço muito inclinado,1,57.03436589541246,102.45796338430026
2025-05-29 18:17:06.951767,Postura incorreta - Pescoço muito inclinado,1,57.07730802584983,100.67121562581528
2025-05-29 18:17:06.889106,Postura incorreta - Pescoço muito inclinado,1,57.92366553506959,102.29310029994848
2025-05-29 18:17:06.830657,Postura incorreta - Pescoço muito inclinado,1,58.11821279695314,102.57994355621612
2025-05-29 18:17:06.746715,Postura incorreta - Pescoço muito inclinado,1,58.674473574894705,102.67262776746307
2025-05-29 18:17:06.681946,Postura incorreta - Pescoço muito inclinado,1,59.551612548300525,102.6630443338601
2025-05-29 18:17:06.617692,Postura incorreta - Pescoço muito inclinado,1,59.89327708882565,103.28939040467047
2025-05-29 18:17:06.548595,Postura correta,1,60.31576258956484,103.67136358174692
2025-05-29 18:17:06.490250,Postura correta,1,60.86120935447486,102.76866344396983
2025-05-29 18:17:06.413278,Postura correta,1,61.39629338753112,102.95942256088337
2025-05-29 18:17:06.345589,Postura correta,1,62.83953883655962,103.18028769225137
2025-05-29 18:17:06.285296,Postura correta,1,64.15986221002456,103.21020107354013
2025-05-29 18:17:06.217626,Postura correta,1,64.07745229557005,103.18030468055737
2025-05-29 18:17:06.146410,Postura correta,1,64.76781803579225,103.08392814452803
2025-05-29 18:17:06.089710,Postura correta,1,65.28970450229099,103.2764275172247
2025-05-29 18:17:06.035318,Postura correta,1,65.60440865813246,103.12069196376734
2025-05-29 18:17:05.946175,Postura correta,1,65.87896432282206,103.26165312260038
2025-05-29 18:17:05.880041,Postura correta,1,65.89813181777718,103.47966618718897
2025-05-29 18:17:05.817754,Postura correta,1,66.37946278468107,103.60804931887614
2025-05-29 18:17:05.745424,Postura correta,1,66.68285998001033,103.84773800542763
2025-05-29 18:17:05.694227,Postura correta,1,66.70001791221925,103.38852578083174
2025-05-29 18:17:05.614837,Postura correta,1,67.04876412823651,102.97069771241434
2025-05-29 18:17:05.546032,Postura correta,1,66.73934502820286,101.73763644932825
2025-05-29 18:17:05.482639,Postura correta,1,67.23883076561953,101.53199029598498
2025-05-29 18:17:05.418398,Postura correta,1,67.33021121387912,100.86390463579893
2025-05-29 18:17:05.345425,Postura correta,1,67.45176052911884,100.83880464239112
2025-05-29 18:17:05.280559,Postura correta,1,68.00020611559445,100.97432559385194
2025-05-29 18:17:05.210731,Postura correta,1,67.98891147983844,100.82358249151599
2025-05-29 18:17:05.145682,Postura correta,1,68.71656787685625,100.23869012779038
2025-05-29 18:17:05.081373,Postura correta,1,68.50868278777091,99.96257079901524
2025-05-29 18:17:05.009282,Postura correta,1,67.55282078572266,99.83697732372599
2025-05-29 18:17:04.945496,Postura correta,1,66.13691178420953,99.80156899282665
2025-05-29 18:17:04.890480,Postura correta,1,65.34172826813533,100.07115108834573
2025-05-29 18:17:04.810960,Postura correta,1,65.21328330249888,99.97925912196247
2025-05-29 18:17:04.744808,Postura correta,1,64.5461126578078,99.82772021822632
2025-05-29 18:17:04.683471,Postura correta,1,64.23032993920562,99.70610805917836
2025-05-29 18:17:04.616961,Postura correta,1,64.20495946585632,100.42692510761474
2025-05-29 18:17:04.544039,Postura correta,1,65.22530990153594,102.18153401614973
2025-05-29 18:17:04.479784,Postura correta,1,65.91229372117125,103.78358487966965
2025-05-29 18:17:04.407811,Postura correta,1,64.69053231885034,97.89547558271761
2025-05-29 18:17:04.346528,Postura correta,1,63.84004641224811,97.83477560048655
2025-05-29 18:17:04.281349,Postura correta,1,63.6195176983407,97.2305501887887
2025-05-29 18:17:04.219506,Postura correta,1,62.667747939133164,97.0103635284724
2025-05-29 18:17:04.143603,Postura correta,1,61.585421699514235,96.97353803320996
2025-05-29 18:17:04.078006,Postura correta,1,62.05902320926517,96.6831263332618
2025-05-29 18:17:04.010929,Postura correta,1,61.74296189065886,96.48540481810632
2025-05-29 18:17:03.945135,Postura correta,1,61.45861644539776,97.38650220902912
2025-05-29 18:17:03.882576,Postura correta,1,61.02237823809534,96.96500498946946
2025-05-29 18:17:03.821763,Postura correta,1,61.02791335796676,96.85962912766252
2025-05-29 18:17:03.743118,Postura correta,1,61.0418964653061,96.66126166804335
2025-05-29 18:17:03.675260,Postura correta,1,60.997209764153254,96.42206004382165
2025-05-29 18:17:03.609750,Postura correta,1,60.94612109249393,96.32020117479404
2025-05-29 18:17:03.545968,Postura correta,1,61.12586915466296,96.41221895951978
2025-05-29 18:17:03.480935,Postura correta,1,61.02846828837416,96.34871969609989
2025-05-29 18:17:03.424169,Postura correta,1,61.012249640906916,96.43012136350659
2025-05-29 18:17:03.338958,Postura correta,1,60.998143691551434,96.52326333977577
2025-05-29 18:17:03.272312,Postura correta,1,61.18658300285846,96.96560979461107
2025-05-29 18:17:03.207906,Postura correta,1,61.08499154833626,96.97586126323246
2025-05-29 18:17:03.140475,Postura correta,1,60.857149801813364,96.82037298463668
2025-05-29 18:17:03.082527,Postura correta,1,60.889102401900246,96.9615508112057
2025-05-29 18:17:03.023145,Postura correta,1,60.94439861800832,97.04180661231976
2025-05-29 18:17:02.940641,Postura correta,1,61.04051460202619,97.18828603580124
2025-05-29 18:17:02.875374,Postura correta,1,60.874149357561315,97.28729559637803
2025-05-29 18:17:02.809916,Postura correta,1,61.01605309949883,97.30664384556466
2025-05-29 18:17:02.740042,Postura correta,1,61.08483723499819,97.1548685780859
2025-05-29 18:17:02.682184,Postura correta,1,61.10390599562194,97.00994530977397
2025-05-29 18:17:02.601005,Postura correta,1,61.05433993942359,97.11370514849108
2025-05-29 18:17:02.538015,Postura correta,1,61.004444781868656,97.08328641488033
2025-05-29 18:17:02.473901,Postura correta,1,61.684752339362774,97.45974699595322
2025-05-29 18:17:02.412219,Postura correta,1,62.6620750838442,98.16751159971349
2025-05-29 18:17:02.346550,Postura correta,1,62.71414159485235,98.2300513266642
2025-05-29 18:17:02.282948,Postura correta,1,62.62681916895792,98.48451039623548
2025-05-29 18:17:02.221931,Postura correta,1,62.704205321045116,98.50937956746574
2025-05-29 18:17:02.154193,Postura correta,1,62.678629237563996,98.52510994610591
2025-05-29 18:17:02.089094,Postura correta,1,62.582394465116465,98.49411699830159
2025-05-29 18:17:02.027793,Postura correta,1,62.44725124961307,98.34535093810008
2025-05-29 18:17:01.956231,Postura correta,1,62.741836354426496,98.60640436912146
2025-05-29 18:17:01.896379,Postura correta,1,62.62155656788587,98.59695016081545
2025-05-29 18:17:01.834827,Postura correta,1,62.27351472310357,98.51473561745904
2025-05-29 18:17:01.769878,Postura correta,1,61.11599631278119,98.32819423145025
2025-05-29 18:17:01.704280,Postura correta,1,60.5386586106881,98.21601259619047
2025-05-29 18:17:01.640114,Postura incorreta - Pescoço muito inclinado,1,58.40137130307586,97.35132071968968
2025-05-29 18:17:01.576168,Postura incorreta - Pescoço muito inclinado,1,58.30377087066891,96.56141542289303
2025-05-29 18:17:01.511340,Postura incorreta - Pescoço muito inclinado,1,58.20872578850807,96.5234486957468
2025-05-29 18:17:01.451501,Postura incorreta - Pescoço muito inclinado,1,58.11439405926547,96.44035891901618
2025-05-29 18:17:01.353803,Postura correta,1,60.16740800474,97.40200310845219
2025-05-29 18:17:01.277624,Postura correta,1,60.305647924020725,97.5886423141489
2025-05-29 18:17:01.201138,Postura correta,1,60.496262553451594,97.90071388874705
2025-05-29 18:17:01.125063,Postura correta,1,60.68630711667508,98.0643382380562
2025-05-29 18:17:01.055546,Postura correta,1,60.981835448133246,98.0930463176683
2025-05-29 18:17:00.993034,Postura correta,1,61.46169347834541,98.15739398958509
2025-05-29 18:17:00.935591,Postura correta,1,61.62383615490737,98.24224204987452
2025-05-29 18:17:00.867890,Postura correta,1,61.687058451264605,98.2322834730447
2025-05-29 18:17:00.805113,Postura correta,1,61.84151439631008,98.23133117756427
2025-05-29 18:17:00.736268,Postura correta,1,61.76629107103552,98.17421134070115
2025-05-29 18:17:00.673350,Postura correta,1,61.49324636640352,98.1582723537643
2025-05-29 18:17:00.602042,Postura correta,1,60.97174877530841,98.09522630229696
2025-05-29 18:17:00.537563,Postura correta,1,61.24221391371993,98.23538434208541
2025-05-29 18:17:00.475141,Postura correta,1,61.15006780704315,98.07150766002694
2025-05-29 18:17:00.418746,Postura correta,1,61.2212093373632,98.01961282542379
2025-05-29 18:17:00.350790,Postura correta,1,61.1644070629582,98.15983644417155
2025-05-29 18:17:00.279814,Postura correta,1,61.48149468300881,98.18447349304724
2025-05-29 18:17:00.210634,Postura correta,1,61.92349300612835,98.17895703187506
2025-05-29 18:17:00.119177,Postura correta,1,62.223979201524095,98.10789339477915
